<?xml version="1.0" encoding="UTF-8"?>
<Configuration status="debug">
	<Properties>
		<Property name="log-path">/home/systex/logs/</Property>
	</Properties>

	<Appenders>
		<RollingFile name="rollingFile" fileName="${log-path}/vbooking.log"
			filePattern="${log-path}/$${date:yyyy-MM}/vbooking-%d{MM-dd-yyyy}-%i.log.gz">
			<PatternLayout>
				<pattern>%d %-5p [%t] %C{2} (%F:%L) - %m%n</pattern>
			</PatternLayout>
			<Policies>
				<TimeBasedTriggeringPolicy />
				<SizeBasedTriggeringPolicy size="100 MB"/>
			</Policies>
		</RollingFile>

		<Console name="console" target="SYSTEM_OUT">
			<PatternLayout
				pattern="%d %-5p [%t] %C{2} (%F:%L) - %m%n" />
		</Console>
	</Appenders>
	<Loggers>
		<Logger name="com.systex.b300.vbooking" level="debug" additivity="false">
			<appender-ref ref="rollingFile" />
		</Logger>
		<Root level="INFO" additivity="false">
			<appender-ref ref="console" />
		</Root>
	</Loggers>
</Configuration>
